date,product_ids,acquisition_times_utc,acquisition_time_utc,catalog_reconciled,observation_id,ndvi,ndvi_spatial_std,ndvi_sample_count,ndvi_valid_count,ndvi_valid_fraction,ndvi_accepted,ndmi,ndmi_spatial_std,ndmi_sample_count,ndmi_valid_count,ndmi_valid_fraction,ndmi_accepted,vegetation,vegetation_spatial_std,vegetation_sample_count,vegetation_valid_count,vegetation_valid_fraction,vegetation_accepted,rejection_reason
2025-05-02,S2A_MSIL2A_20250502T093051_N0511_R136_T34TEM_20250502T155814.SAFE;S2B_MSIL2A_20250502T092029_N0511_R093_T34TEM_20250502T121809.SAFE,2025-05-02T09:28:58.082Z;2025-05-02T09:39:06.143Z,,False,S2A_MSIL2A_20250502T093051_N0511_R136_T34TEM_20250502T155814.SAFE;S2B_MSIL2A_20250502T092029_N0511_R093_T34TEM_20250502T121809.SAFE,0.2303017309462856,0.21946259367300328,2352,2352,1.0,False,0.0298890691917414,0.1031038168294987,2352,2352,1.0,False,0.16496598639455776,0.3711498480767954,2352,2352,1.0,False,unreconciled_or_multiple_acquisitions
2025-05-05,S2B_MSIL2A_20250505T093039_N0511_R136_T34TEM_20250505T123358.SAFE,2025-05-05T09:38:54.247Z,2025-05-05T09:38:54.247Z,True,S2B_MSIL2A_20250505T093039_N0511_R136_T34TEM_20250505T123358.SAFE,,,2352,0,0.0,False,,,2352,0,0.0,False,,,2352,0,0.0,False,insufficient_valid_ndmi
2025-05-07,S2C_MSIL2A_20250507T092051_N0511_R093_T34TEM_20250507T120216.SAFE,2025-05-07T09:29:16.135Z,2025-05-07T09:29:16.135Z,True,S2C_MSIL2A_20250507T092051_N0511_R093_T34TEM_20250507T120216.SAFE,,,2352,0,0.0,False,,,2352,0,0.0,False,,,2352,0,0.0,False,insufficient_valid_ndmi
2025-05-09,S2A_MSIL2A_20250509T092231_N0511_R093_T34TEM_20250509T115912.SAFE,2025-05-09T09:29:08.327Z,2025-05-09T09:29:08.327Z,True,S2A_MSIL2A_20250509T092231_N0511_R093_T34TEM_20250509T115912.SAFE,,,2352,0,0.0,False,,,2352,0,0.0,False,,,2352,0,0.0,False,insufficient_valid_ndmi
2025-05-10,S2C_MSIL2A_20250510T093051_N0511_R136_T34TEM_20250510T151513.SAFE,2025-05-10T09:39:11.093Z,2025-05-10T09:39:11.093Z,True,S2C_MSIL2A_20250510T093051_N0511_R136_T34TEM_20250510T151513.SAFE,0.22044621063069655,0.19692166513929601,2352,1225,0.5208333333333334,True,0.028555537218617606,0.10412064348704403,2352,1225,0.5208333333333334,True,0.15265306122448974,0.3596527549224139,2352,1225,0.5208333333333334,True,
2025-05-12,S2A_MSIL2A_20250512T093141_N0511_R136_T34TEM_20250512T115942.SAFE;S2B_MSIL2A_20250512T092029_N0511_R093_T34TEM_20250512T122448.SAFE,2025-05-12T09:28:57.077Z;2025-05-12T09:39:05.846Z,,False,S2A_MSIL2A_20250512T093141_N0511_R136_T34TEM_20250512T115942.SAFE;S2B_MSIL2A_20250512T092029_N0511_R093_T34TEM_20250512T122448.SAFE,,,2352,0,0.0,False,,,2352,0,0.0,False,,,2352,0,0.0,False,unreconciled_or_multiple_acquisitions
2025-05-15,S2B_MSIL2A_20250515T093029_N0511_R136_T34TEM_20250515T114912.SAFE,2025-05-15T09:38:52.476Z,2025-05-15T09:38:52.476Z,True,S2B_MSIL2A_20250515T093029_N0511_R136_T34TEM_20250515T114912.SAFE,0.2335203545455172,0.19241780543029702,2352,2352,1.0,True,0.04391083409889835,0.09709933738111441,2352,2352,1.0,True,0.12840136054421777,0.3345361731630997,2352,2352,1.0,True,
2025-05-17,S2C_MSIL2A_20250517T092051_N0511_R093_T34TEM_20250517T150713.SAFE,2025-05-17T09:29:13.041Z,2025-05-17T09:29:13.041Z,True,S2C_MSIL2A_20250517T092051_N0511_R093_T34TEM_20250517T150713.SAFE,0.22509346761061294,0.22584147947982566,2352,1852,0.7874149659863946,True,0.03818608493511381,0.11580706630444323,2352,1852,0.7874149659863946,True,0.1312095032397409,0.3376293374387378,2352,1852,0.7874149659863946,True,
2025-05-19,S2A_MSIL2A_20250519T092041_N0511_R093_T34TEM_20250519T125816.SAFE,2025-05-19T09:29:11.882Z,2025-05-19T09:29:11.882Z,True,S2A_MSIL2A_20250519T092041_N0511_R093_T34TEM_20250519T125816.SAFE,,,2352,0,0.0,False,,,2352,0,0.0,False,,,2352,0,0.0,False,insufficient_valid_ndmi
2025-05-20,S2C_MSIL2A_20250520T093051_N0511_R136_T34TEM_20250520T121812.SAFE,2025-05-20T09:39:10.299Z,2025-05-20T09:39:10.299Z,True,S2C_MSIL2A_20250520T093051_N0511_R136_T34TEM_20250520T121812.SAFE,0.2229438615720713,0.20647426902074892,2352,2352,1.0,True,0.027068676889370306,0.10177546432009117,2352,2352,1.0,True,0.13818027210884348,0.3450890964791114,2352,2352,1.0,True,
2025-05-22,S2A_MSIL2A_20250522T093051_N0511_R136_T34TEM_20250522T123518.SAFE;S2B_MSIL2A_20250522T092029_N0511_R093_T34TEM_20250522T102824.SAFE,2025-05-22T09:28:57.219Z;2025-05-22T09:39:08.663Z,,False,S2A_MSIL2A_20250522T093051_N0511_R136_T34TEM_20250522T123518.SAFE;S2B_MSIL2A_20250522T092029_N0511_R093_T34TEM_20250522T102824.SAFE,,,2352,0,0.0,False,,,2352,0,0.0,False,,,2352,0,0.0,False,unreconciled_or_multiple_acquisitions
2025-05-25,S2B_MSIL2A_20250525T093039_N0511_R136_T34TEM_20250525T125314.SAFE,2025-05-25T09:38:53.582Z,2025-05-25T09:38:53.582Z,True,S2B_MSIL2A_20250525T093039_N0511_R136_T34TEM_20250525T125314.SAFE,,,2352,0,0.0,False,,,2352,0,0.0,False,,,2352,0,0.0,False,insufficient_valid_ndmi
2025-05-27,S2C_MSIL2A_20250527T092051_N0511_R093_T34TEM_20250527T150317.SAFE,2025-05-27T09:29:15.962Z,2025-05-27T09:29:15.962Z,True,S2C_MSIL2A_20250527T092051_N0511_R093_T34TEM_20250527T150317.SAFE,0.20710536508187252,0.2092503466827096,2352,1114,0.4736394557823129,False,0.03949252012958236,0.10634486820103636,2352,1114,0.4736394557823129,False,0.11579892280071818,0.31998364376778915,2352,1114,0.4736394557823129,False,insufficient_valid_ndmi
2025-05-29,S2A_MSIL2A_20250529T092231_N0511_R093_T34TEM_20250529T105212.SAFE,2025-05-29T09:29:13.248Z,2025-05-29T09:29:13.248Z,True,S2A_MSIL2A_20250529T092231_N0511_R093_T34TEM_20250529T105212.SAFE,,,2352,0,0.0,False,,,2352,0,0.0,False,,,2352,0,0.0,False,insufficient_valid_ndmi
2025-05-30,S2C_MSIL2A_20250530T093051_N0511_R136_T34TEM_20250530T122013.SAFE,2025-05-30T09:39:12.623Z,2025-05-30T09:39:12.623Z,True,S2C_MSIL2A_20250530T093051_N0511_R136_T34TEM_20250530T122013.SAFE,,,2352,0,0.0,False,,,2352,0,0.0,False,,,2352,0,0.0,False,insufficient_valid_ndmi
2025-06-01,S2A_MSIL2A_20250601T093151_N0511_R136_T34TEM_20250601T115500.SAFE;S2B_MSIL2A_20250601T092029_N0511_R093_T34TEM_20250601T113837.SAFE,2025-06-01T09:28:57.021Z;2025-06-01T09:39:09.379Z,,False,S2A_MSIL2A_20250601T093151_N0511_R136_T34TEM_20250601T115500.SAFE;S2B_MSIL2A_20250601T092029_N0511_R093_T34TEM_20250601T113837.SAFE,0.22118277499284394,0.22990536115294122,2352,2352,1.0,False,0.022091308283497507,0.10993619976201252,2352,2352,1.0,False,0.1449829931972783,0.35208369016589897,2352,2352,1.0,False,unreconciled_or_multiple_acquisitions
2025-06-04,S2B_MSIL2A_20250604T093029_N0511_R136_T34TEM_20250604T122431.SAFE,2025-06-04T09:38:52.634Z,2025-06-04T09:38:52.634Z,True,S2B_MSIL2A_20250604T093029_N0511_R136_T34TEM_20250604T122431.SAFE,0.21220171654679196,0.19695283250161513,2352,2352,1.0,True,0.008379119660678178,0.09721448248109595,2352,2352,1.0,True,0.13010204081632656,0.3364156651996952,2352,2352,1.0,True,
2025-06-06,S2C_MSIL2A_20250606T092051_N0511_R093_T34TEM_20250606T121513.SAFE,2025-06-06T09:29:16.63Z,2025-06-06T09:29:16.63Z,True,S2C_MSIL2A_20250606T092051_N0511_R093_T34TEM_20250606T121513.SAFE,0.2692324062976764,0.1819692057524774,2352,2352,1.0,True,0.03036151126721017,0.09048302543886472,2352,2352,1.0,True,0.13222789115646258,0.3387383591457831,2352,2352,1.0,True,
2025-06-08,S2A_MSIL2A_20250608T092041_N0511_R093_T34TEM_20250608T121913.SAFE,2025-06-08T09:29:12.143Z,2025-06-08T09:29:12.143Z,True,S2A_MSIL2A_20250608T092041_N0511_R093_T34TEM_20250608T121913.SAFE,0.2205753450250094,0.2000868125646796,2352,2352,1.0,True,0.015496699512659447,0.09399999454191679,2352,2352,1.0,True,0.13988095238095244,0.34686347680600466,2352,2352,1.0,True,
2025-06-09,S2C_MSIL2A_20250609T093051_N0511_R136_T34TEM_20250609T124820.SAFE,2025-06-09T09:39:12.564Z,2025-06-09T09:39:12.564Z,True,S2C_MSIL2A_20250609T093051_N0511_R136_T34TEM_20250609T124820.SAFE,0.20967270167191854,0.18711628852241316,2352,2352,1.0,True,0.012054289287681005,0.0956613780294548,2352,2352,1.0,True,0.10586734693877557,0.30766776202735413,2352,2352,1.0,True,
2025-06-11,S2A_MSIL2A_20250611T093051_N0511_R136_T34TEM_20250611T130914.SAFE;S2B_MSIL2A_20250611T092029_N0511_R093_T34TEM_20250611T121714.SAFE,2025-06-11T09:28:54.326Z;2025-06-11T09:39:07.608Z,,False,S2A_MSIL2A_20250611T093051_N0511_R136_T34TEM_20250611T130914.SAFE;S2B_MSIL2A_20250611T092029_N0511_R093_T34TEM_20250611T121714.SAFE,0.21758141447614052,0.21079590341234175,2352,2352,1.0,False,0.014457727344750955,0.09484016363576114,2352,2352,1.0,False,0.11989795918367342,0.32484217485921313,2352,2352,1.0,False,unreconciled_or_multiple_acquisitions
2025-06-14,S2B_MSIL2A_20250614T093029_N0511_R136_T34TEM_20250614T122438.SAFE,2025-06-14T09:38:50.876Z,2025-06-14T09:38:50.876Z,True,S2B_MSIL2A_20250614T093029_N0511_R136_T34TEM_20250614T122438.SAFE,0.2333190991113494,0.18653099011952162,2352,2352,1.0,True,0.01131886323750546,0.09473844748965672,2352,2352,1.0,True,0.12372448979591846,0.32926697438500896,2352,2352,1.0,True,
2025-06-16,S2C_MSIL2A_20250616T092051_N0511_R093_T34TEM_20250616T120017.SAFE,2025-06-16T09:29:15.148Z,2025-06-16T09:29:15.148Z,True,S2C_MSIL2A_20250616T092051_N0511_R093_T34TEM_20250616T120017.SAFE,0.2222459214523705,0.1931059486558237,2352,2352,1.0,True,0.010434042846298022,0.08978424881246092,2352,2352,1.0,True,0.1232993197278912,0.3287804700442692,2352,2352,1.0,True,
2025-06-18,S2A_MSIL2A_20250618T092231_N0511_R093_T34TEM_20250618T114601.SAFE,2025-06-18T09:29:08.898Z,2025-06-18T09:29:08.898Z,True,S2A_MSIL2A_20250618T092231_N0511_R093_T34TEM_20250618T114601.SAFE,0.19641982927220977,0.19491782432446886,2352,2352,1.0,True,0.008016733718844137,0.08915848322050604,2352,2352,1.0,True,0.09438775510204075,0.292367417454199,2352,2352,1.0,True,
2025-06-19,S2C_MSIL2A_20250619T093051_N0511_R136_T34TEM_20250619T124916.SAFE,2025-06-19T09:39:10.499Z,2025-06-19T09:39:10.499Z,True,S2C_MSIL2A_20250619T093051_N0511_R136_T34TEM_20250619T124916.SAFE,0.20637449812546713,0.19774275444479855,2352,2352,1.0,True,0.0062427565318307066,0.09683616636799688,2352,2352,1.0,True,0.10714285714285728,0.30929478706587105,2352,2352,1.0,True,
2025-06-21,S2A_MSIL2A_20250621T093141_N0511_R136_T34TEM_20250621T120415.SAFE;S2B_MSIL2A_20250621T092029_N0511_R093_T34TEM_20250621T102719.SAFE,2025-06-21T09:28:57.143Z;2025-06-21T09:39:06.208Z,,False,S2A_MSIL2A_20250621T093141_N0511_R136_T34TEM_20250621T120415.SAFE;S2B_MSIL2A_20250621T092029_N0511_R093_T34TEM_20250621T102719.SAFE,0.22243214247953275,0.19826627632181285,2352,2352,1.0,False,0.013623684769958828,0.08797902131979457,2352,2352,1.0,False,0.12287414965986403,0.32829269410882334,2352,2352,1.0,False,unreconciled_or_multiple_acquisitions
2025-06-24,S2B_MSIL2A_20250624T093039_N0511_R136_T34TEM_20250624T123147.SAFE,2025-06-24T09:38:53.857Z,2025-06-24T09:38:53.857Z,True,S2B_MSIL2A_20250624T093039_N0511_R136_T34TEM_20250624T123147.SAFE,0.20918269517955998,0.18257567288092236,2352,2352,1.0,True,0.0006823880199144822,0.09003487635642243,2352,2352,1.0,True,0.10459183673469398,0.3060267707622278,2352,2352,1.0,True,
2025-06-26,S2C_MSIL2A_20250626T092051_N0511_R093_T34TEM_20250626T131216.SAFE,2025-06-26T09:29:16.584Z,2025-06-26T09:29:16.584Z,True,S2C_MSIL2A_20250626T092051_N0511_R093_T34TEM_20250626T131216.SAFE,0.20694449924131644,0.19098545099942266,2352,2352,1.0,True,0.0013488009970598017,0.08953802882645398,2352,2352,1.0,True,0.09778911564625836,0.2970292990722986,2352,2352,1.0,True,
2025-06-28,S2A_MSIL2A_20250628T092041_N0511_R093_T34TEM_20250628T125303.SAFE,2025-06-28T09:29:12.566Z,2025-06-28T09:29:12.566Z,True,S2A_MSIL2A_20250628T092041_N0511_R093_T34TEM_20250628T125303.SAFE,0.15920412097723582,0.151726850930465,2352,61,0.025935374149659865,False,-0.034608091059766824,0.09862560969243622,2352,61,0.025935374149659865,False,0.0,0.0,2352,61,0.025935374149659865,False,insufficient_valid_ndmi
2025-06-29,S2C_MSIL2A_20250629T093051_N0511_R136_T34TEM_20250629T130810.SAFE,2025-06-29T09:39:13.582Z,2025-06-29T09:39:13.582Z,True,S2C_MSIL2A_20250629T093051_N0511_R136_T34TEM_20250629T130810.SAFE,0.19856184190289855,0.199464675157186,2352,2352,1.0,True,-0.001622991635727257,0.09286081813573813,2352,2352,1.0,True,0.11352040816326525,0.3172278756567761,2352,2352,1.0,True,
2025-07-01,S2A_MSIL2A_20250701T093051_N0511_R136_T34TEM_20250701T124117.SAFE;S2B_MSIL2A_20250701T092029_N0511_R093_T34TEM_20250701T115535.SAFE,2025-07-01T09:28:59.075Z;2025-07-01T09:39:09.607Z,,False,S2A_MSIL2A_20250701T093051_N0511_R136_T34TEM_20250701T124117.SAFE;S2B_MSIL2A_20250701T092029_N0511_R093_T34TEM_20250701T115535.SAFE,0.19570909260441824,0.205458460155804,2352,2352,1.0,False,0.0039131489232754925,0.09225509568859673,2352,2352,1.0,False,0.10586734693877566,0.30766776202735396,2352,2352,1.0,False,unreconciled_or_multiple_acquisitions
2025-07-04,S2B_MSIL2A_20250704T093039_N0511_R136_T34TEM_20250704T122623.SAFE,2025-07-04T09:38:55.638Z,2025-07-04T09:38:55.638Z,True,S2B_MSIL2A_20250704T093039_N0511_R136_T34TEM_20250704T122623.SAFE,0.20205687707467807,0.18786718888358353,2352,2352,1.0,True,-0.003278531711694806,0.0913712368594861,2352,2352,1.0,True,0.09948979591836712,0.29931852001920795,2352,2352,1.0,True,
2025-07-06,S2C_MSIL2A_20250706T092051_N0511_R093_T34TEM_20250706T131358.SAFE,2025-07-06T09:29:18.779Z,2025-07-06T09:29:18.779Z,True,S2C_MSIL2A_20250706T092051_N0511_R093_T34TEM_20250706T131358.SAFE,0.20328978899418684,0.1985719645895775,2352,2352,1.0,True,-0.0007948937714021644,0.09642185587814328,2352,2352,1.0,True,0.07950680272108851,0.27052813355020655,2352,2352,1.0,True,
2025-07-08,S2A_MSIL2A_20250708T092231_N0511_R093_T34TEM_20250708T122113.SAFE,2025-07-08T09:29:14.835Z,2025-07-08T09:29:14.835Z,True,S2A_MSIL2A_20250708T092231_N0511_R093_T34TEM_20250708T122113.SAFE,0.18608222239002425,0.18293831484139458,2352,2352,1.0,True,0.0010231828193392025,0.08482781371725309,2352,2352,1.0,True,0.08886054421768703,0.28454234816459867,2352,2352,1.0,True,
2025-07-09,S2C_MSIL2A_20250709T093101_N0511_R136_T34TEM_20250709T131013.SAFE,2025-07-09T09:39:15.28Z,2025-07-09T09:39:15.28Z,True,S2C_MSIL2A_20250709T093101_N0511_R136_T34TEM_20250709T131013.SAFE,0.19053145186598047,0.18784407058658362,2352,2007,0.8533163265306123,True,0.005167520751561912,0.08689129157366422,2352,2007,0.8533163265306123,True,0.09715994020926771,0.2961754315060573,2352,2007,0.8533163265306123,True,
2025-07-11,S2A_MSIL2A_20250711T093151_N0511_R136_T34TEM_20250711T120414.SAFE;S2B_MSIL2A_20250711T092029_N0511_R093_T34TEM_20250711T114113.SAFE,2025-07-11T09:28:59.709Z;2025-07-11T09:39:11.391Z,,False,S2A_MSIL2A_20250711T093151_N0511_R136_T34TEM_20250711T120414.SAFE;S2B_MSIL2A_20250711T092029_N0511_R093_T34TEM_20250711T114113.SAFE,0.1936624490037134,0.20092971680633656,2352,2265,0.9630102040816326,False,0.012666463984463578,0.09060905287647827,2352,2265,0.9630102040816326,False,0.07991169977924939,0.2711564493380908,2352,2265,0.9630102040816326,False,unreconciled_or_multiple_acquisitions
2025-07-14,S2B_MSIL2A_20250714T093039_N0511_R136_T34TEM_20250714T120526.SAFE,2025-07-14T09:38:55.819Z,2025-07-14T09:38:55.819Z,True,S2B_MSIL2A_20250714T093039_N0511_R136_T34TEM_20250714T120526.SAFE,0.19264215033453944,0.17584930586280695,2352,2352,1.0,True,-0.0022005976914838527,0.08812670574934467,2352,2352,1.0,True,0.07568027210884351,0.2644858569420583,2352,2352,1.0,True,
2025-07-16,S2C_MSIL2A_20250716T092051_N0511_R093_T34TEM_20250716T143214.SAFE,2025-07-16T09:29:19.444Z,2025-07-16T09:29:19.444Z,True,S2C_MSIL2A_20250716T092051_N0511_R093_T34TEM_20250716T143214.SAFE,0.1926844312746959,0.18732875557862877,2352,2226,0.9464285714285714,True,0.005852153871067163,0.09085720165149223,2352,2226,0.9464285714285714,True,0.08355795148247976,0.2767237254492851,2352,2226,0.9464285714285714,True,
2025-07-18,S2A_MSIL2A_20250718T092051_N0511_R093_T34TEM_20250718T125020.SAFE,2025-07-18T09:29:15.514Z,2025-07-18T09:29:15.514Z,True,S2A_MSIL2A_20250718T092051_N0511_R093_T34TEM_20250718T125020.SAFE,0.19552012954299772,0.18925977973160457,2352,2352,1.0,True,6.358088954633579e-05,0.09048061015066006,2352,2352,1.0,True,0.09098639455782313,0.2875897608803054,2352,2352,1.0,True,
2025-07-19,S2C_MSIL2A_20250719T093101_N0511_R136_T34TEM_20250719T131413.SAFE,2025-07-19T09:39:15.479Z,2025-07-19T09:39:15.479Z,True,S2C_MSIL2A_20250719T093101_N0511_R136_T34TEM_20250719T131413.SAFE,0.1933703996218769,0.18497740262038093,2352,2352,1.0,True,-0.005877253376446885,0.08936923617683942,2352,2352,1.0,True,0.08886054421768723,0.28454234816459856,2352,2352,1.0,True,
2025-07-21,S2A_MSIL2A_20250721T093051_N0511_R136_T34TEM_20250721T131822.SAFE;S2B_MSIL2A_20250721T092029_N0511_R093_T34TEM_20250721T120259.SAFE,2025-07-21T09:28:58.779Z;2025-07-21T09:39:11.584Z,,False,S2A_MSIL2A_20250721T093051_N0511_R136_T34TEM_20250721T131822.SAFE;S2B_MSIL2A_20250721T092029_N0511_R093_T34TEM_20250721T120259.SAFE,0.1915174181197526,0.17944712253229606,2352,2352,1.0,False,-0.0069019354199566525,0.08996646791721398,2352,2352,1.0,False,0.07738095238095237,0.26719494866027904,2352,2352,1.0,False,unreconciled_or_multiple_acquisitions
2025-07-24,S2B_MSIL2A_20250724T093039_N0511_R136_T34TEM_20250724T121124.SAFE,2025-07-24T09:38:54.408Z,2025-07-24T09:38:54.408Z,True,S2B_MSIL2A_20250724T093039_N0511_R136_T34TEM_20250724T121124.SAFE,0.18666706675181802,0.18151996689237468,2352,2352,1.0,True,-0.012065441683522058,0.08959192971435305,2352,2352,1.0,True,0.07015306122448971,0.2554047948362027,2352,2352,1.0,True,
2025-07-26,S2C_MSIL2A_20250726T092051_N0511_R093_T34TEM_20250726T125415.SAFE,2025-07-26T09:29:18.533Z,2025-07-26T09:29:18.533Z,True,S2C_MSIL2A_20250726T092051_N0511_R093_T34TEM_20250726T125415.SAFE,0.20593969805867388,0.1663988594334523,2352,2352,1.0,True,0.008017896073255128,0.07885787268396034,2352,2352,1.0,True,0.042517006802721094,0.20176548499497762,2352,2352,1.0,True,
2025-07-28,S2A_MSIL2A_20250728T092231_N0511_R093_T34TEM_20250728T111018.SAFE,2025-07-28T09:29:14.502Z,2025-07-28T09:29:14.502Z,True,S2A_MSIL2A_20250728T092231_N0511_R093_T34TEM_20250728T111018.SAFE,0.1887668187595611,0.19256388961360568,2352,2352,1.0,True,0.0004426635388176253,0.09623191731803617,2352,2352,1.0,True,0.07568027210884336,0.2644858569420582,2352,2352,1.0,True,
2025-07-29,S2C_MSIL2A_20250729T093051_N0511_R136_T34TEM_20250729T131756.SAFE,2025-07-29T09:39:14.031Z,2025-07-29T09:39:14.031Z,True,S2C_MSIL2A_20250729T093051_N0511_R136_T34TEM_20250729T131756.SAFE,,,2352,0,0.0,False,,,2352,0,0.0,False,,,2352,0,0.0,False,insufficient_valid_ndmi
